Mês,Empresa,Linha,Estudante_Cartao,Estudante_BT,Vale_Transporte,Integracao_Plena,Integracao_Complementar,Gratuito_Cartao,Gratuito_BT,Inteira_Cartao,Inteira_Especie,Tarifa_Social,Qtd_Viagens
1,CONCEIÇÃO,21,11169,7863,32762,6703,0,17682,7353,6527,35691,0,3537
1,CONCEIÇÃO,30,7523,4418,21097,4866,0,7444,2953,5332,17327,0,2286
1,CONCEIÇÃO,31,8766,4718,22312,6936,0,7946,2964,5702,16927,0,2115
1,CONCEIÇÃO,41,6947,3000,20759,8297,0,6356,3056,4614,12607,0,2012
1,CONCEIÇÃO,59,6980,5547,19552,6045,271,13701,4673,4976,25883,0,2517
1,CONCEIÇÃO,63,21155,11393,48180,14986,0,17699,6292,8178,34767,0,3675
1,CONCEIÇÃO,76,2501,1548,7540,1389,78,3622,934,1594,7245,0,615
1,CONCEIÇÃO,83,3550,2787,13757,1274,0,2952,1098,2630,13697,0,1147
1,CONCEIÇÃO,411,3550,1863,7441,2866,0,3132,1048,2108,7502,0,795
1,CONCEIÇÃO,412,1334,552,1836,624,0,1174,349,539,1821,0,372
1,CONCEIÇÃO,587,1545,82,892,779,0,1492,175,465,1186,0,1060
1,CONCEIÇÃO,599,7412,3304,16547,5963,84,7290,1192,4932,11766,0,1656
1,CONCEIÇÃO,905,132,145,922,26,0,213,21,93,775,0,231
1,CONCEIÇÃO,2271,8781,6408,26735,5160,0,17777,6691,6044,30945,0,3027
1,CONCEIÇÃO,2369,605,289,1633,661,0,1158,453,372,1214,0,391
1,CONCEIÇÃO,3001,1276,721,3856,1297,0,1336,579,907,2839,0,569
1,CONCEIÇÃO,3101,594,353,1893,773,0,506,224,408,1173,0,291
1,CONCEIÇÃO,6301,3070,1778,10836,2183,0,2943,1059,2057,6651,0,874
1,CONCEIÇÃO,7601,76,54,251,44,0,125,53,42,329,0,19
1,DUNAS - URB,33,26978,16028,73677,19268,276,21257,7541,18179,60211,0,4231
1,DUNAS - URB,40,20110,12448,49995,15891,133,31975,12134,11741,58391,0,4128
1,DUNAS - URB,57,231,129,903,696,0,449,248,156,435,0,507
1,DUNAS - URB,331,7314,3902,16816,3357,95,5617,2007,5214,14068,0,1300
1,DUNAS - URB,332,1696,875,4666,933,0,1258,411,1334,2845,0,617
1,DUNAS - URB,411,1723,818,3559,1389,0,1593,662,1033,3170,0,403
1,DUNAS - URB,412,1515,540,1728,524,0,1244,307,500,1809,0,366
1,GUANABARA - URB,2,10628,7087,39286,6897,276,9657,3731,6618,26344,0,2717
1,GUANABARA - URB,4,5562,4978,29419,5641,0,4305,2595,4187,18287,0,2069
1,GUANABARA - URB,5,4438,2700,15078,1975,60,5378,2578,2790,16056,0,1762
1,GUANABARA - URB,8,17059,10729,58609,19246,601,20353,6894,10502,48869,0,3410
1,GUANABARA - URB,13,3137,1657,7665,2009,81,3687,1399,2011,7612,0,1471
1,GUANABARA - URB,18,76,23,526,84,0,59,24,92,160,0,76
1,GUANABARA - URB,19,3104,2278,11130,3002,0,8889,3887,2219,12069,0,1694
1,GUANABARA - URB,20,3716,2575,10647,2415,0,10300,5475,2655,12858,0,1915
1,GUANABARA - URB,25,2523,1430,5694,1283,0,4257,2099,1489,5612,0,1187
1,GUANABARA - URB,60,17348,12231,60377,10656,305,14628,6090,11510,42243,0,3898
1,GUANABARA - URB,64,12666,8006,37987,6414,160,18358,8382,6815,35290,0,2784
1,GUANABARA - URB,67,3377,2003,9968,1265,68,4062,2158,2025,11808,0,806
1,GUANABARA - URB,70,7935,6280,31267,4239,44,10658,6045,4686,32040,0,2236
1,GUANABARA - URB,72,9305,6010,35246,7604,101,7846,3369,6383,30730,0,2394
1,GUANABARA - URB,75,4840,2812,13615,2161,82,4581,1527,3536,11648,0,986
1,GUANABARA - URB,76,2492,1470,8059,1590,80,3695,887,1569,7423,0,696
1,GUANABARA - URB,77,12658,9923,54354,11851,69,10161,5418,9290,44093,0,3697
1,GUANABARA - URB,79,16801,11240,49769,10694,406,12199,3936,9040,36673,0,3285
1,GUANABARA - URB,81,4311,2755,13726,2657,16,4003,1601,3475,12422,0,1215
1,GUANABARA - URB,84,13357,6907,38869,12483,159,15640,5724,10938,32130,0,3368
1,GUANABARA - URB,101,4296,2728,15012,2927,53,8632,3013,2962,15973,0,1480
1,GUANABARA - URB,102,977,594,3699,596,9,2030,663,783,3599,0,364
1,GUANABARA - URB,125,40,60,456,241,0,275,9,56,416,0,177
1,GUANABARA - URB,592,554,239,1426,239,43,764,207,348,762,0,715
1,GUANABARA - URB,593,2379,647,2643,694,0,1082,408,483,2195,0,914
1,GUANABARA - URB,1029,4160,2788,13234,3184,39,3793,1640,2167,10584,0,978
1,GUANABARA - URB,1214,2246,1658,9074,956,21,4124,1996,1563,8084,0,1028
1,GUANABARA - URB,1301,23,14,53,13,0,19,4,8,52,0,10
1,GUANABARA - URB,1302,36,16,61,35,2,21,11,18,89,0,17
1,GUANABARA - URB,1516,6705,4618,20115,3639,150,8882,4273,4672,21304,0,2193
1,GUANABARA - URB,1778,6024,4275,20098,3779,206,9262,4077,3915,19134,0,1860
1,GUANABARA - URB,2369,537,251,1710,561,0,967,398,445,1094,0,318
1,GUANABARA - URB,6162,2858,1609,7348,997,10,3514,1724,1553,7007,0,992
1,GUANABARA - URB,6443,5268,3247,15937,2976,32,5539,2228,3413,13637,0,1055
1,GUANABARA - URB,7501,2156,1220,5771,1065,0,1833,612,1587,4835,0,480
1,GUANABARA - URB,7502,840,416,1963,375,0,842,322,602,1930,0,258
1,GUANABARA - URB,7601,94,67,224,56,0,134,46,61,341,0,39
1,REUNIDAS,7,12403,6842,43351,9917,202,9159,3397,8830,35059,0,3287
1,REUNIDAS,26,11701,7653,42622,10952,187,7817,3632,7444,31822,0,2665
1,REUNIDAS,27,8800,4866,22398,3280,114,10087,4108,4805,25506,0,2530
1,REUNIDAS,35,11688,5983,30382,8756,1015,12025,5532,8286,23809,0,2478
1,REUNIDAS,68,7244,3599,22750,4683,163,8320,2786,5833,19225,0,2041
1,REUNIDAS,73,26375,22189,112154,30596,603,19818,8792,16560,79731,0,5373
1,REUNIDAS,85,6802,3256,15827,4342,501,8430,3077,3886,12966,0,1845
1,REUNIDAS,1029,13195,8259,42739,10027,117,11065,4260,8057,31977,0,2585
1,REUNIDAS,1778,1396,927,4738,796,41,1714,838,897,3930,0,363
1,REUNIDAS,6443,6263,3766,17688,3300,20,6288,2676,4177,16113,0,739
1,REUNIDAS,7847,10185,7172,28088,5368,37,9985,4576,7153,25950,0,2234
1,REUNIDAS,9018,85,63,523,347,2,347,74,84,372,0,102
1,SANTA MARIA - URB,24,10478,5806,28568,9059,0,11259,4951,7844,22472,0,2567
1,SANTA MARIA - URB,34,2835,1852,7316,2158,1,6911,3232,1897,8092,0,1155
1,SANTA MARIA - URB,36,4105,2725,11168,4151,0,6774,3200,2511,12271,0,2139
1,SANTA MARIA - URB,37,12331,8016,25478,9625,0,11030,5412,7247,25298,0,3037
1,SANTA MARIA - URB,38,21783,13829,48044,13214,93,35158,14821,11649,67089,0,4356
1,SANTA MARIA - URB,39,9378,4900,26287,7527,0,7932,2952,5893,16513,0,2477
1,SANTA MARIA - URB,44,8070,5184,19940,5673,0,11289,5999,5404,20727,0,3127
1,SANTA MARIA - URB,46,10848,8153,25493,11151,1,6863,4784,7041,28562,0,2454
1,SANTA MARIA - URB,48,3882,2979,9387,2712,0,5952,3216,2097,10877,0,1577
1,SANTA MARIA - URB,54,12237,9729,32222,11695,0,10406,6731,7356,34303,0,3430
1,SANTA MARIA - URB,56,4080,3392,27713,11861,0,3925,2169,4136,18901,0,2708
1,SANTA MARIA - URB,66,3873,3438,11891,1512,0,3118,1611,2753,14036,0,2112
1,SANTA MARIA - URB,83,5068,4245,19509,1916,0,4394,1647,3956,20029,0,1492
1,SANTA MARIA - URB,331,6504,3510,15956,3299,77,5232,1685,4820,12931,0,1279
1,SANTA MARIA - URB,332,1463,725,4035,827,0,1271,328,1124,2624,0,533
1,SANTA MARIA - URB,411,1783,935,3907,1441,0,1713,586,1007,3717,0,452
1,SANTA MARIA - URB,412,1263,515,1723,579,0,1150,340,534,1757,0,369
1,SANTA MARIA - URB,561,63,111,2192,316,0,126,6,289,901,0,335
1,VIA SUL - URB,50,19722,13232,69386,17530,214,17538,7060,14050,49553,0,4408
1,VIA SUL - URB,51,12402,7607,24364,8410,3,10730,6175,6909,23806,0,3031
1,VIA SUL - URB,52,9705,6951,22289,6946,0,12097,7191,5569,23140,0,2989
1,VIA SUL - URB,65,5527,3758,14151,3300,0,4735,2128,3552,10640,0,1811
2,CONCEIÇÃO,21,12897,7859,30132,6380,0,16855,6294,6053,33199,0,3437
2,CONCEIÇÃO,30,9632,4516,19630,4990,0,7482,2734,5078,16395,0,2070
2,CONCEIÇÃO,31,11038,4833,20472,6915,0,7499,2607,5475,15662,0,1880
2,CONCEIÇÃO,41,7625,3179,18112,7856,0,5780,2622,4351,11659,0,1701
2,CONCEIÇÃO,59,8202,5707,17979,6160,264,13333,4100,4490,23530,0,2353
2,CONCEIÇÃO,63,27601,13100,44204,14903,1,16986,5157,7545,32622,0,3323
2,CONCEIÇÃO,76,2617,1481,6823,1256,73,3300,842,1312,6926,0,574
2,CONCEIÇÃO,83,4090,3231,13555,1257,0,2923,1009,2697,13579,0,1061
2,CONCEIÇÃO,411,3534,1989,7723,2853,0,3353,1031,2160,7241,0,759
2,CONCEIÇÃO,412,1259,661,1722,527,0,1012,274,448,1718,0,324
2,CONCEIÇÃO,587,659,79,833,614,0,1237,194,417,1192,0,863
2,CONCEIÇÃO,599,6768,3291,15718,5831,38,6587,1075,4800,10777,0,1486
2,CONCEIÇÃO,905,162,143,850,52,0,184,23,85,832,0,174
2,CONCEIÇÃO,2271,11313,7604,24790,4639,0,16708,5667,5564,28877,0,2815
2,CONCEIÇÃO,2369,638,298,1513,746,0,986,366,289,1163,0,350
2,CONCEIÇÃO,3001,1279,623,3133,1178,0,1131,458,760,2214,0,484
2,CONCEIÇÃO,3101,741,312,1842,669,0,506,176,384,1016,0,278
2,CONCEIÇÃO,6301,3945,1981,9861,2148,0,2755,845,1901,6211,0,794
2,CONCEIÇÃO,7601,93,62,263,55,0,168,40,37,382,0,30
2,DUNAS - URB,33,29018,16690,69060,18239,279,19767,6363,16910,55483,0,3852
2,DUNAS - URB,40,22390,13305,47788,15145,120,31127,11101,11652,55532,0,3779
2,DUNAS - URB,57,378,186,1019,644,0,530,289,174,444,0,448
2,DUNAS - URB,331,8647,4215,15503,3085,67,5082,1652,4907,12462,0,1150
2,DUNAS - URB,332,2147,955,4399,943,0,1200,368,1219,2666,0,564
2,DUNAS - URB,411,1402,882,3360,1268,0,1563,638,1008,3065,0,389
2,DUNAS - URB,412,1276,639,1808,546,0,1046,285,450,1772,0,308
2,GUANABARA - URB,2,12655,7355,35725,6711,308,9015,3216,6166,24704,0,2376
2,GUANABARA - URB,4,6773,5178,26563,5076,0,3979,2041,3933,16409,0,1778
2,GUANABARA - URB,5,3608,2383,11771,1350,49,3967,1699,2003,11533,0,1240
2,GUANABARA - URB,8,19460,11781,53258,18564,666,19143,5948,9343,42306,0,3103
2,GUANABARA - URB,13,3512,1891,7341,1645,91,3424,1121,1655,7147,0,1240
2,GUANABARA - URB,18,318,96,678,177,1,98,40,118,241,0,72
2,GUANABARA - URB,19,3641,2729,10737,2797,0,8369,3252,2032,10945,0,1531
2,GUANABARA - URB,20,4771,2769,9799,2058,0,9346,4493,2326,11212,0,1726
2,GUANABARA - URB,25,3723,1902,5512,1238,0,3778,1915,1283,5533,0,1072
2,GUANABARA - URB,60,21828,12470,55163,10402,298,13945,5270,10544,38655,0,3439
2,GUANABARA - URB,64,14870,8479,35028,5974,126,16907,7044,6404,33929,0,2404
2,GUANABARA - URB,67,4057,2432,12139,1398,55,4880,2137,2294,13311,0,972
2,GUANABARA - URB,70,8934,6373,29237,4141,73,10028,5248,4555,28897,0,2096
2,GUANABARA - URB,72,10271,6017,31832,6932,69,7461,2939,5811,27237,0,2110
2,GUANABARA - URB,75,7053,3749,14476,2406,98,5047,1531,3746,12332,0,1051
2,GUANABARA - URB,76,2641,1362,7164,1485,67,3279,718,1393,5940,0,537
2,GUANABARA - URB,77,14748,10139,49495,10705,77,9577,4698,8595,40418,0,3333
2,GUANABARA - URB,79,21002,11668,45165,10216,426,11592,3619,8357,33869,0,2884
2,GUANABARA - URB,81,4926,2857,12614,2432,8,3770,1409,3133,11611,0,1093
2,GUANABARA - URB,84,14387,7275,35491,12056,175,14405,4765,9886,29380,0,2917
2,GUANABARA - URB,101,3252,1761,9718,1829,35,5651,1785,1857,9700,0,892
2,GUANABARA - URB,102,2643,1296,7518,1382,31,4274,1344,1560,7550,0,684
2,GUANABARA - URB,125,141,101,464,254,0,302,5,107,457,0,166
2,GUANABARA - URB,592,817,353,1413,253,31,811,224,378,850,0,787
2,GUANABARA - URB,593,3198,781,2601,610,0,992,341,497,2049,0,804
2,GUANABARA - URB,1029,5073,2875,12746,3308,42,3733,1462,2161,9847,0,897
2,GUANABARA - URB,1214,2614,1717,8331,857,17,3781,1799,1433,7204,0,846
2,GUANABARA - URB,1301,12,15,43,12,0,8,2,5,34,0,8
2,GUANABARA - URB,1516,8034,4954,18645,3246,158,8330,3628,4326,19566,0,1970
2,GUANABARA - URB,1778,7670,4741,19657,3623,200,8993,3555,3723,17924,0,1694
2,GUANABARA - URB,2369,612,307,1813,554,0,1053,366,456,1170,0,347
2,GUANABARA - URB,6162,3450,1875,7181,1050,16,3043,1456,1409,6461,0,900
2,GUANABARA - URB,6443,5839,3330,14388,2824,27,5462,1858,3153,11945,0,926
2,GUANABARA - URB,7501,2872,1540,5749,1080,0,2030,690,1538,4945,0,368
2,GUANABARA - URB,7502,285,139,513,79,0,202,51,120,405,0,45
2,GUANABARA - URB,7601,257,178,723,112,0,454,124,141,1071,0,76
2,REUNIDAS,7,13527,7227,41995,9634,201,8694,3068,8760,32809,0,3127
2,REUNIDAS,26,15704,9171,40101,10739,165,7379,3299,6832,28557,0,2471
2,REUNIDAS,27,8998,5161,21145,2999,106,9277,3791,4410,23460,0,2399
2,REUNIDAS,35,13586,6502,29094,8472,1121,11550,4698,8140,21803,0,2274
2,REUNIDAS,68,7825,3963,21707,4464,142,8174,2590,5447,18439,0,1910
2,REUNIDAS,73,34546,23445,105750,29947,678,18413,7604,15468,73404,0,4983
2,REUNIDAS,85,8793,3691,14588,4058,517,8082,2573,3621,11497,0,1703
2,REUNIDAS,1029,16343,8885,39355,9669,114,10643,3759,7133,29307,0,2376
2,REUNIDAS,1778,1615,995,4142,833,33,1680,704,851,3669,0,355
2,REUNIDAS,6443,6623,3825,16394,3110,15,6067,2270,4099,14268,0,683
2,REUNIDAS,7847,12637,7898,26522,5317,29,9370,4090,6875,23999,0,2163
2,REUNIDAS,9018,134,111,544,380,2,354,56,90,393,0,93
2,SANTA MARIA - URB,24,11570,6375,27303,8123,0,10312,4446,7692,20884,0,2343
2,SANTA MARIA - URB,34,3868,2251,7143,1874,0,6622,2996,1762,8085,0,1059
2,SANTA MARIA - URB,36,5461,3271,10758,3793,0,6296,2746,2393,11510,0,1888
2,SANTA MARIA - URB,37,16614,9012,24232,9041,1,10181,4772,6855,23461,0,2748
2,SANTA MARIA - URB,38,23943,14644,45774,12207,79,32623,13375,10796,61641,0,3955
2,SANTA MARIA - URB,39,13160,5357,25431,7350,0,7393,2858,5619,15778,0,2357
2,SANTA MARIA - URB,44,10054,6036,18859,5482,0,10540,5218,5144,19242,0,2778
2,SANTA MARIA - URB,46,15922,10792,24086,10938,0,6194,4102,6580,27245,0,2256
2,SANTA MARIA - URB,48,6925,4202,9824,3198,0,5578,2888,2160,10556,0,1576
2,SANTA MARIA - URB,54,16441,11303,30348,11475,0,9609,6026,7014,31405,0,3118
2,SANTA MARIA - URB,56,4557,3510,26784,11631,0,3518,1969,4187,17198,0,2474
2,SANTA MARIA - URB,66,6053,4381,11332,1519,0,3046,1488,2646,13037,0,1940
2,SANTA MARIA - URB,83,5800,4303,17621,1787,0,4462,1463,3673,17735,0,1368
2,SANTA MARIA - URB,331,8176,3760,15247,3544,77,4964,1530,4682,11835,0,1161
2,SANTA MARIA - URB,332,2152,950,4088,883,0,1287,328,1116,2478,0,521
2,SANTA MARIA - URB,411,1667,969,3475,1268,0,1564,469,940,3540,0,419
2,SANTA MARIA - URB,412,1402,695,2028,576,0,1223,322,428,2026,0,333
2,SANTA MARIA - URB,561,146,199,2390,280,0,142,32,315,1023,0,316
2,VIA SUL - URB,50,25051,14137,63861,16902,164,17534,6320,12634,45915,0,3973
2,VIA SUL - URB,51,16979,9306,23751,8482,0,10538,5524,6641,23136,0,2804
2,VIA SUL - URB,52,12239,7559,20807,6499,0,11184,6079,5084,21551,0,2658
2,VIA SUL - URB,65,7939,4277,13236,3177,0,4753,1965,3368,10021,0,1600
3,CONCEIÇÃO,21,10752,5265,26297,5495,0,13630,4639,5188,24128,0,3402
3,CONCEIÇÃO,30,9513,3567,16749,4226,0,6142,2100,4492,12737,0,1851
3,CONCEIÇÃO,31,11460,3914,17637,6472,0,6199,1938,4262,12419,0,1691
3,CONCEIÇÃO,41,6913,2457,17598,6752,0,4720,1972,4101,9469,0,1734
3,CONCEIÇÃO,59,7331,3949,16144,5272,211,11191,3304,3866,16928,0,2119
3,CONCEIÇÃO,63,27604,10732,39302,15275,0,14722,4241,6502,25697,0,2956
3,CONCEIÇÃO,76,2215,1028,6187,1277,72,2925,611,1254,5434,0,575
3,CONCEIÇÃO,83,3364,2057,11086,1063,0,2465,637,2200,9151,0,949
3,CONCEIÇÃO,411,3193,1480,6485,2270,0,2360,655,1914,5566,0,678
3,CONCEIÇÃO,412,1674,593,1311,399,0,747,193,351,1280,0,252
3,CONCEIÇÃO,587,1280,113,663,549,0,923,163,348,851,0,649
3,CONCEIÇÃO,599,7343,2586,14119,5302,38,6083,842,4023,9002,0,1442
3,CONCEIÇÃO,905,51,82,466,28,0,130,15,27,348,0,131
3,CONCEIÇÃO,2271,10152,5588,20419,3942,0,13567,4348,4357,20598,0,2422
3,CONCEIÇÃO,2369,517,183,1167,561,0,755,278,235,731,0,272
3,CONCEIÇÃO,3001,1532,514,2551,1007,0,805,354,648,1726,0,384
3,CONCEIÇÃO,3101,936,324,1593,772,0,432,139,366,889,0,211
3,CONCEIÇÃO,6301,3312,1524,8660,1968,0,2273,689,1738,5151,0,710
3,CONCEIÇÃO,7601,82,49,190,40,0,150,34,32,316,0,22
3,DUNAS - URB,33,31400,13556,65391,17017,213,17270,5033,15263,45117,0,3636
3,DUNAS - URB,40,20489,9957,45430,14018,99,27407,9079,10235,44152,0,3762
3,DUNAS - URB,57,338,144,775,504,0,431,170,143,299,0,374
3,DUNAS - URB,331,7660,3057,13308,2785,48,3984,1230,3812,9177,0,1011
3,DUNAS - URB,332,1789,640,3458,775,0,849,295,1068,1774,0,454
3,DUNAS - URB,411,1434,696,3433,1239,0,1316,541,931,2691,0,385
3,DUNAS - URB,412,1192,530,1231,459,0,707,178,371,1041,0,238
3,GUANABARA - URB,2,12058,5595,33200,6492,240,8194,2612,5487,19942,0,2404
3,GUANABARA - URB,4,6518,3936,24156,4797,0,3598,1589,3298,13294,0,1841
3,GUANABARA - URB,5,308,145,1658,174,2,463,194,231,1242,0,172
3,GUANABARA - URB,8,19170,8876,49999,17463,573,16488,4700,8392,32674,0,2989
3,GUANABARA - URB,13,3665,1318,5530,1434,73,2503,864,1401,4740,0,1027
3,GUANABARA - URB,18,420,107,577,177,0,56,18,65,150,0,52
3,GUANABARA - URB,19,3429,1792,10270,2646,0,7631,2897,1783,9092,0,1466
3,GUANABARA - URB,20,3992,1856,7902,1845,0,7179,3359,1809,8066,0,1451
3,GUANABARA - URB,25,3422,1441,4349,1085,0,2961,1468,958,3949,0,899
3,GUANABARA - URB,60,20703,9403,50053,9453,260,12557,4391,9017,31448,0,3420
3,GUANABARA - URB,64,13115,6364,33473,5809,110,14332,5753,6010,27535,0,2423
3,GUANABARA - URB,67,5861,2853,18089,2104,69,6367,2578,3304,16625,0,1321
3,GUANABARA - URB,70,8243,4436,27367,3732,54,8287,4112,4224,22282,0,1975
3,GUANABARA - URB,72,9720,4606,30036,6447,69,6455,2430,5400,22223,0,2224
3,GUANABARA - URB,75,6083,2229,11335,1962,79,3867,1039,2939,7956,0,768
3,GUANABARA - URB,76,2283,940,5313,1071,44,2547,491,1037,4192,0,402
3,GUANABARA - URB,77,14024,7347,44884,9861,49,8010,3369,7711,31317,0,3258
3,GUANABARA - URB,79,19744,8565,40860,9068,323,10033,2799,7332,26790,0,2862
3,GUANABARA - URB,81,4346,1977,9902,2002,10,2879,1098,2504,7932,0,925
3,GUANABARA - URB,84,14118,5518,35071,11166,158,12710,4125,9252,23301,0,2838
3,GUANABARA - URB,101,2323,986,6440,1367,13,3480,978,1223,5367,0,591
3,GUANABARA - URB,102,2259,1016,6931,1254,25,3853,1045,1452,6080,0,642
3,GUANABARA - URB,125,17,25,326,154,0,286,3,74,161,0,183
3,GUANABARA - URB,592,626,218,1054,204,15,621,159,290,563,0,557
3,GUANABARA - URB,593,3302,601,1873,537,0,706,247,338,1525,0,601
3,GUANABARA - URB,1029,5204,2260,10794,2888,55,3131,1162,1979,7629,0,804
3,GUANABARA - URB,1214,1992,1131,6261,670,14,2790,1278,1229,5241,0,833
3,GUANABARA - URB,1516,7759,3960,19668,3742,146,8010,3371,4344,17092,0,2039
3,GUANABARA - URB,1778,5850,2888,15447,3029,128,6710,2459,3003,12587,0,1410
3,GUANABARA - URB,2369,459,186,1283,448,0,711,198,289,619,0,245
3,GUANABARA - URB,6162,3356,1361,6212,934,8,2761,1211,1264,4816,0,793
3,GUANABARA - URB,6443,4755,2210,12989,2472,10,4287,1399,2788,9054,0,838
3,GUANABARA - URB,7501,4157,1536,6562,1231,0,2225,682,1852,4998,0,519
3,GUANABARA - URB,7502,132,42,336,45,0,111,30,90,262,0,39
3,GUANABARA - URB,7601,70,33,225,42,0,144,48,39,229,0,29
3,REUNIDAS,7,13821,5300,38283,8556,155,7691,2376,8143,25148,0,2966
3,REUNIDAS,26,16300,7250,38078,10330,150,6617,2715,6495,23052,0,2539
3,REUNIDAS,27,8074,3712,20705,3199,107,8655,3177,4393,19124,0,2330
3,REUNIDAS,35,12090,4701,25894,7181,845,9916,3830,6898,16648,0,2065
3,REUNIDAS,68,7147,2835,17760,3695,144,6693,1991,4425,13808,0,1552
3,REUNIDAS,73,32259,16894,93642,26603,529,16050,6044,12591,54016,0,4903
3,REUNIDAS,85,8437,2763,11643,3307,420,6217,1943,2886,8145,0,1417
3,REUNIDAS,1029,16681,6906,35437,8914,148,9143,2890,6491,23064,0,2280
3,REUNIDAS,1778,1096,517,2887,534,19,1047,398,549,2127,0,258
3,REUNIDAS,6443,5311,2463,13684,2729,19,4685,1618,3132,10369,0,614
3,REUNIDAS,7847,11981,5478,25592,4842,49,8466,3318,6488,19025,0,2067
3,REUNIDAS,9018,7,12,225,225,0,231,34,19,117,0,88
3,SANTA MARIA - URB,24,11293,5097,24172,8006,0,8736,3519,6820,16858,0,2304
3,SANTA MARIA - URB,34,3119,1400,5091,1568,0,5192,2125,1354,5419,0,940
3,SANTA MARIA - URB,36,4611,2222,8371,3196,0,5005,2008,1831,7262,0,1516
3,SANTA MARIA - URB,37,18368,7871,24731,9473,0,9827,4215,6443,20172,0,3015
3,SANTA MARIA - URB,38,21104,10592,42271,11335,48,29929,10992,9394,47544,0,3967
3,SANTA MARIA - URB,39,12478,3974,23125,7299,0,6341,2318,4833,12381,0,2183
3,SANTA MARIA - URB,44,9812,4407,15758,4695,0,8479,3836,4232,14209,0,2380
3,SANTA MARIA - URB,46,15370,7942,22335,9903,0,5111,3209,5690,20950,0,2310
3,SANTA MARIA - URB,48,8700,3611,8179,3597,0,4669,2255,1825,7291,0,1485
3,SANTA MARIA - URB,54,16411,8486,29438,11319,0,8705,5227,6226,25899,0,3332
3,SANTA MARIA - URB,56,3772,2264,21293,8741,0,2640,1386,3195,12495,0,2342
3,SANTA MARIA - URB,66,6233,3271,8414,1166,0,2093,921,2020,8504,0,1547
3,SANTA MARIA - URB,83,5047,2910,15721,1534,0,3668,1055,3160,12987,0,1274
3,SANTA MARIA - URB,331,7296,2659,13771,2976,75,3886,1176,4043,8887,0,1027
3,SANTA MARIA - URB,332,1777,625,2642,609,0,725,209,791,1419,0,363
3,SANTA MARIA - URB,411,1838,815,2966,1028,0,1167,338,786,2734,0,313
3,SANTA MARIA - URB,412,1097,525,1537,459,0,856,222,398,1413,0,251
3,SANTA MARIA - URB,561,22,25,1585,218,0,99,16,215,381,0,348
3,VIA SUL - URB,50,23938,10825,59061,15993,151,14983,5014,11320,36689,0,3947
3,VIA SUL - URB,51,14817,6424,18887,6933,0,7919,3749,5135,15865,0,2580
3,VIA SUL - URB,52,10818,5572,17923,5755,1,8797,4567,4169,16211,0,2613
3,VIA SUL - URB,65,6995,2908,9711,2349,0,3457,1405,2515,6742,0,1228
4,CONCEIÇÃO,21,3050,1892,18953,2811,0,7630,2288,2709,13561,0,1736
4,CONCEIÇÃO,30,1284,724,8076,2188,0,2557,820,1764,5248,0,1025
4,CONCEIÇÃO,31,1209,624,8560,1654,0,2023,603,1491,4925,0,841
4,CONCEIÇÃO,41,840,400,5977,1666,0,1293,354,898,2747,0,657
4,CONCEIÇÃO,59,2216,1976,12891,2429,0,6290,2225,2301,11095,0,1240
4,CONCEIÇÃO,63,2500,1569,17266,3425,0,4787,1355,2509,9450,0,939
4,CONCEIÇÃO,76,913,636,5401,1011,32,2260,481,878,4402,0,481
4,CONCEIÇÃO,83,667,608,5907,439,0,1064,311,966,4101,0,582
4,CONCEIÇÃO,411,1380,866,5627,1695,0,1901,496,1232,4325,0,655
4,CONCEIÇÃO,599,1536,911,7225,1909,0,2917,456,1563,4384,0,824
4,CONCEIÇÃO,2271,1956,1566,11087,1632,0,6122,1886,1681,10135,0,1183
4,CONCEIÇÃO,6301,916,503,5952,1305,0,1385,425,838,3149,0,447
4,DUNAS - URB,33,6522,4431,42913,10945,0,9315,2263,8143,24648,0,2295
4,DUNAS - URB,40,5599,4081,28335,6436,0,12180,4279,4862,25229,0,2018
4,DUNAS - URB,331,473,238,2647,500,0,592,146,562,1455,0,241
4,DUNAS - URB,332,237,177,1869,278,0,318,96,488,879,0,308
4,DUNAS - URB,411,978,651,3977,1380,0,1224,541,947,2855,0,435
4,GUANABARA - URB,2,2209,1479,17068,3183,112,3530,1074,2223,8755,0,1410
4,GUANABARA - URB,4,1053,975,11155,1823,0,1303,522,1117,5346,0,986
4,GUANABARA - URB,8,4356,3031,33608,9524,256,8696,2430,4293,17384,0,1887
4,GUANABARA - URB,13,0,3,0,0,0,0,1,0,5,0,9
4,GUANABARA - URB,19,891,612,5812,979,0,3167,1478,772,4912,0,705
4,GUANABARA - URB,25,0,0,0,0,0,0,0,0,0,0,1
4,GUANABARA - URB,60,3959,2712,27909,4702,129,5628,1845,4543,15573,0,1856
4,GUANABARA - URB,64,3084,2352,22860,3660,31,6528,2530,3210,17143,0,1307
4,GUANABARA - URB,67,1781,1231,11969,1276,19,2914,1268,1563,9091,0,763
4,GUANABARA - URB,70,1776,1187,12985,1605,19,3011,1347,1439,8319,0,737
4,GUANABARA - URB,72,2338,1806,18013,3078,31,2963,1209,2493,11494,0,1402
4,GUANABARA - URB,75,1612,1020,8404,1092,76,2493,767,1654,5902,0,543
4,GUANABARA - URB,77,2905,2265,24360,4471,17,3571,1338,3019,14091,0,1787
4,GUANABARA - URB,79,3911,2620,23870,4569,185,5060,1179,3393,12698,0,1685
4,GUANABARA - URB,84,3621,2018,20901,4807,106,6009,1781,4517,12792,0,1428
4,GUANABARA - URB,125,7,15,92,0,0,97,2,3,52,0,174
4,GUANABARA - URB,1029,398,302,2900,528,2,597,191,497,1707,0,219
4,GUANABARA - URB,1516,2503,1661,15838,2551,98,4514,1795,2687,11170,0,1179
4,GUANABARA - URB,1778,1309,937,8866,1518,59,2576,1020,1211,5868,0,575
4,GUANABARA - URB,6443,1325,874,7812,1136,0,2000,679,1363,5142,0,464
4,GUANABARA - URB,7501,69,50,349,40,0,106,19,58,268,0,31
4,REUNIDAS,7,3283,2214,23266,4350,69,4194,1235,4072,13992,0,1678
4,REUNIDAS,26,1959,1250,15776,4310,23,2473,881,2324,7710,0,1359
4,REUNIDAS,27,2541,1592,13351,1831,48,4289,1507,2034,11122,0,1154
4,REUNIDAS,29,29,20,147,0,0,31,9,25,102,0,6
4,REUNIDAS,35,2143,1198,12121,2590,168,3708,1101,2341,7002,0,1022
4,REUNIDAS,68,747,372,4615,847,21,1361,386,904,3049,0,486
4,REUNIDAS,73,5584,4344,47886,12582,223,8047,2595,5165,25429,0,3034
4,REUNIDAS,1029,2971,2377,21153,4753,34,5053,1627,3363,13832,0,1519
4,REUNIDAS,6443,1233,790,6871,1133,0,1917,594,1219,4862,0,374
4,REUNIDAS,7847,2314,1568,13310,2339,1,3302,1192,2167,7594,0,1065
4,REUNIDAS,9018,4,0,163,1,0,48,17,1,46,0,81
4,SANTA MARIA - URB,24,2379,1372,12709,3560,0,3483,1140,2899,7240,0,1632
4,SANTA MARIA - URB,36,132,84,504,111,0,397,136,84,541,0,182
4,SANTA MARIA - URB,37,1726,920,9826,3835,0,2852,837,1733,5760,0,1313
4,SANTA MARIA - URB,38,8373,6271,38343,7794,1,20076,6649,6440,37622,0,3044
4,SANTA MARIA - URB,39,1285,578,8854,1891,0,1915,592,1347,3548,0,1016
4,SANTA MARIA - URB,44,159,102,1041,356,0,357,143,193,781,0,189
4,SANTA MARIA - URB,46,1270,1130,8966,3785,0,1532,811,1883,6340,0,1244
4,SANTA MARIA - URB,54,2751,1979,15491,5861,1,4611,2431,2680,12198,0,2143
4,SANTA MARIA - URB,56,634,544,5824,1671,0,852,484,896,3429,0,1370
4,SANTA MARIA - URB,83,803,604,6325,498,0,1449,381,1093,4539,0,730
4,SANTA MARIA - URB,331,874,426,5014,942,0,1004,262,1142,2817,0,479
4,SANTA MARIA - URB,561,4,5,165,14,0,6,10,38,50,0,315
4,VIA SUL - URB,50,4705,3380,33962,8448,84,6451,2190,4819,18581,0,2435
4,VIA SUL - URB,51,1403,923,7234,2644,0,1901,805,1392,4282,0,1054
4,VIA SUL - URB,52,1234,864,6378,2257,0,2584,1187,1172,4862,0,1081
4,VIA SUL - URB,65,119,84,751,285,0,210,81,142,441,0,155
5,CONCEIÇÃO,21,2879,2471,19565,2795,0,7598,2485,2808,15422,0,1931
5,CONCEIÇÃO,30,1085,846,8635,2387,0,2166,782,2034,5681,0,1115
5,CONCEIÇÃO,31,1210,812,8862,2006,0,1868,655,1887,5360,0,671
5,CONCEIÇÃO,41,846,410,6108,1723,0,1201,376,1013,2537,0,683
5,CONCEIÇÃO,59,2093,2524,13546,2766,0,6044,2257,2497,12140,0,1398
5,CONCEIÇÃO,63,2245,1582,17503,3328,0,4326,1306,2524,9933,0,1226
5,CONCEIÇÃO,76,944,778,6154,1217,26,2338,515,1003,5169,0,593
5,CONCEIÇÃO,83,670,632,6123,496,0,1164,368,1101,4741,0,667
5,CONCEIÇÃO,411,1192,898,5765,1847,0,1818,569,1234,4392,0,677
5,CONCEIÇÃO,599,1427,1045,7412,2048,0,2915,412,1811,4418,0,870
5,CONCEIÇÃO,2271,1909,1865,12940,1905,0,5867,1858,2039,11328,0,1322
5,CONCEIÇÃO,6301,779,607,6876,1252,0,1377,452,989,3458,0,474
5,DUNAS - URB,33,6446,5023,46143,12049,0,9186,2553,9218,27840,0,2393
5,DUNAS - URB,40,5783,5744,33181,7360,0,13562,4908,6281,32063,0,2308
5,DUNAS - URB,331,612,361,3991,756,0,779,229,936,2026,0,297
5,DUNAS - URB,332,385,222,2746,433,0,465,134,834,1234,0,438
5,DUNAS - URB,411,984,712,4786,1592,0,1444,631,1180,3225,0,519
5,GUANABARA - URB,2,2170,1626,18365,3177,97,3271,1115,2601,9764,0,1361
5,GUANABARA - URB,4,1231,1132,12302,2070,0,1448,641,1357,6560,0,951
5,GUANABARA - URB,5,16,29,174,13,0,46,14,26,172,0,16
5,GUANABARA - URB,8,4100,3172,35376,10190,300,8800,2498,4841,18432,0,1922
5,GUANABARA - URB,19,677,646,5585,940,0,2554,1185,836,4648,0,649
5,GUANABARA - URB,60,4042,3121,29877,4949,144,5955,1978,5301,17740,0,1917
5,GUANABARA - URB,64,3279,3286,25044,3929,35,6906,2682,3902,20289,0,1428
5,GUANABARA - URB,67,1825,1611,13112,1322,17,2891,1444,1694,10622,0,679
5,GUANABARA - URB,70,1680,1578,14008,1411,16,2738,1312,1494,8972,0,705
5,GUANABARA - URB,72,2177,2056,18216,3265,17,2859,1158,2628,13164,0,1423
5,GUANABARA - URB,75,1653,1288,9147,1024,37,2204,733,1961,6283,0,601
5,GUANABARA - URB,77,3007,2593,26285,4802,35,3618,1341,3522,16685,0,1841
5,GUANABARA - URB,79,3865,2919,24288,4602,150,4816,1316,3759,14386,0,1722
5,GUANABARA - URB,84,3436,2300,22008,4783,89,5553,1767,4862,13089,0,1516
5,GUANABARA - URB,125,1,10,30,0,0,21,0,0,17,0,68
5,GUANABARA - URB,1029,824,714,6608,1519,12,1256,470,1187,4403,0,481
5,GUANABARA - URB,1516,2471,1980,15848,2578,107,4111,1644,2864,12140,0,1160
5,GUANABARA - URB,1778,1405,1007,9410,1377,74,2367,945,1418,6047,0,471
5,GUANABARA - URB,6443,1292,1167,7921,1156,0,2078,668,1454,5864,0,422
5,GUANABARA - URB,7501,52,53,282,39,0,62,24,60,220,0,13
5,REUNIDAS,7,2931,2308,21144,3802,59,3405,1113,3824,13983,0,1459
5,REUNIDAS,26,1585,1220,13297,3657,24,1894,712,2077,6629,0,1103
5,REUNIDAS,27,2329,1729,12760,1737,42,3734,1426,2192,12249,0,1070
5,REUNIDAS,29,6,8,54,0,0,14,3,7,39,0,5
5,REUNIDAS,35,2178,1446,13503,2945,145,3415,1215,2709,7839,0,1111
5,REUNIDAS,68,688,468,5062,851,23,1246,368,1049,3234,0,515
5,REUNIDAS,73,5465,4716,47286,13184,178,7137,2761,5926,25834,0,2842
5,REUNIDAS,1029,2391,2171,19005,4060,28,4090,1391,3037,12905,0,1390
5,REUNIDAS,6443,1390,1122,8766,1465,0,2145,786,1648,6416,0,378
5,REUNIDAS,7847,2098,1659,13943,2183,1,2788,1059,2426,7810,0,1070
5,SANTA MARIA - URB,24,1972,1290,11088,3505,0,2828,955,2626,6826,0,1349
5,SANTA MARIA - URB,37,1255,808,7818,3174,0,1954,617,1510,4648,0,1052
5,SANTA MARIA - URB,38,6530,6430,34936,7182,0,17096,5969,6245,35948,0,2718
5,SANTA MARIA - URB,39,1326,721,10082,2361,0,1780,548,1467,4030,0,1174
5,SANTA MARIA - URB,44,60,45,344,146,0,128,51,79,278,0,75
5,SANTA MARIA - URB,46,1334,1330,9389,3848,0,1495,808,2105,6567,0,1075
5,SANTA MARIA - URB,54,2271,2077,14825,5408,0,3922,2126,2638,11354,0,1776
5,SANTA MARIA - URB,56,267,271,2731,883,0,315,217,449,1752,0,534
5,SANTA MARIA - URB,83,587,558,5714,452,0,1122,325,955,3941,0,634
5,SANTA MARIA - URB,331,726,399,4118,840,0,856,242,982,2347,0,523
5,SANTA MARIA - URB,332,12,6,92,15,0,11,4,16,48,0,8
5,SANTA MARIA - URB,411,264,194,1171,486,0,435,140,269,944,0,145
5,VIA SUL - URB,50,4443,3640,34121,8469,67,6107,2161,5472,19264,0,2238
5,VIA SUL - URB,51,1479,1167,8666,2595,1,1992,831,1665,4940,0,1009
5,VIA SUL - URB,52,1384,1190,7541,2404,0,2812,1414,1413,6244,0,981
5,VIA SUL - URB,65,304,231,1788,495,0,441,139,343,994,0,242
6,CONCEIÇÃO,21,2000,1820,15523,2183,0,5785,1776,2184,11954,0,1661
6,CONCEIÇÃO,30,806,718,6798,1823,0,1638,589,1626,4285,0,869
6,CONCEIÇÃO,31,878,644,6899,1454,0,1401,541,1455,4184,0,704
6,CONCEIÇÃO,41,559,349,4310,1256,0,807,318,774,2030,0,537
6,CONCEIÇÃO,59,1385,1914,10677,2342,0,4727,1631,1935,8989,0,1220
6,CONCEIÇÃO,63,1668,1383,14793,2533,0,3473,1102,1999,8287,0,972
6,CONCEIÇÃO,76,732,588,5257,1056,30,1838,389,844,4081,0,507
6,CONCEIÇÃO,83,438,493,4802,415,0,940,265,904,3451,0,565
6,CONCEIÇÃO,411,855,770,4781,1365,0,1439,502,943,3724,0,544
6,CONCEIÇÃO,599,976,873,5998,1565,0,2113,398,1472,3568,0,735
6,CONCEIÇÃO,2271,1256,1368,10388,1434,0,4744,1504,1613,8551,0,1094
6,CONCEIÇÃO,6301,656,448,5525,1009,0,1071,346,865,2936,0,386
6,DUNAS - URB,33,5641,4465,40552,9853,13,7401,2263,8463,25170,0,2161
6,DUNAS - URB,40,4447,4408,28769,5558,5,11025,3912,5236,26832,0,2086
6,DUNAS - URB,331,434,248,2734,492,0,542,130,616,1492,0,218
6,DUNAS - URB,332,316,187,1851,262,0,283,91,551,947,0,281
6,DUNAS - URB,411,646,517,3447,1129,0,1036,443,863,2382,0,377
6,GUANABARA - URB,2,1605,1325,14183,2513,72,2379,909,1923,7931,0,1011
6,GUANABARA - URB,4,955,894,9431,1528,1,1098,508,1009,5051,0,761
6,GUANABARA - URB,5,21,16,204,37,0,28,15,27,195,0,18
6,GUANABARA - URB,8,2859,2541,27639,7795,196,6304,1812,3783,14484,0,1584
6,GUANABARA - URB,19,369,409,3587,585,0,1648,814,584,2766,0,398
6,GUANABARA - URB,20,31,30,286,49,0,178,71,40,225,0,83
6,GUANABARA - URB,60,3123,2567,24189,3808,127,4527,1535,4019,14606,0,1562
6,GUANABARA - URB,64,2420,2363,19873,3003,17,5083,2155,3025,16045,0,1160
6,GUANABARA - URB,67,1303,1203,10103,916,13,2109,1068,1384,7963,0,587
6,GUANABARA - URB,70,1214,1229,10448,1100,2,2204,1076,1120,7212,0,596
6,GUANABARA - URB,72,1512,1558,14168,2436,8,2048,833,1993,10028,0,1061
6,GUANABARA - URB,75,1213,1030,6648,770,33,1601,621,1457,4711,0,489
6,GUANABARA - URB,76,29,20,149,29,0,80,27,23,128,0,17
6,GUANABARA - URB,77,2206,1898,20333,3541,18,2733,1019,2636,13228,0,1471
6,GUANABARA - URB,79,2836,2385,19529,3684,115,3613,985,3010,11743,0,1361
6,GUANABARA - URB,84,2495,1800,17542,3560,62,4021,1449,3826,10519,0,1184
6,GUANABARA - URB,101,0,0,0,0,0,0,2,0,2,0,2
6,GUANABARA - URB,1029,635,544,5370,1015,5,867,294,945,3245,0,396
6,GUANABARA - URB,1516,1533,1517,11848,1772,46,2988,1276,2186,8954,0,939
6,GUANABARA - URB,1778,1051,859,7519,1153,47,1772,747,1049,5255,0,358
6,GUANABARA - URB,6443,845,802,5597,719,0,1435,463,1123,4381,0,359
6,GUANABARA - URB,7501,16,23,124,16,0,28,18,15,82,0,4
6,REUNIDAS,7,2421,2167,19924,3627,45,3319,1020,3506,13056,0,1451
6,REUNIDAS,26,1074,940,9839,2718,12,1414,449,1540,5153,0,833
6,REUNIDAS,27,1757,1680,10929,1519,32,3495,1324,1694,10106,0,1038
6,REUNIDAS,35,1458,1171,10473,2273,108,2648,868,2056,6212,0,874
6,REUNIDAS,68,517,390,4148,678,22,908,290,855,2518,0,436
6,REUNIDAS,73,4323,4122,41399,10660,181,5915,2170,5295,24000,0,2407
6,REUNIDAS,1029,1908,1751,15648,3076,20,3177,1046,2611,10823,0,1106
6,REUNIDAS,6443,992,792,6997,1195,0,1667,546,1241,5013,0,329
6,REUNIDAS,7847,1619,1551,12790,2004,1,2491,919,2137,6854,0,1004
6,SANTA MARIA - URB,24,1399,1009,8576,2665,0,2073,826,2000,5545,0,1039
6,SANTA MARIA - URB,36,1,4,12,1,0,17,7,2,19,0,9
6,SANTA MARIA - URB,37,1068,718,6660,2568,0,1585,653,1214,4198,0,953
6,SANTA MARIA - URB,38,4860,5158,29371,5609,1,14254,5175,4969,29870,0,2277
6,SANTA MARIA - URB,39,991,595,8465,1922,0,1319,489,1151,3267,0,984
6,SANTA MARIA - URB,46,1095,1022,8079,3129,0,1114,636,1747,5852,0,914
6,SANTA MARIA - URB,54,1683,1628,12236,4382,0,2999,1596,2215,9517,0,1429
6,SANTA MARIA - URB,56,183,212,1910,601,0,280,171,319,1386,0,439
6,SANTA MARIA - URB,83,481,550,4797,360,0,860,280,974,3684,0,525
6,SANTA MARIA - URB,331,606,434,4036,669,0,716,238,942,2259,0,459
6,SANTA MARIA - URB,411,225,152,1004,362,0,345,127,219,855,0,136
6,VIA SUL - URB,50,3781,3252,31079,7363,62,5531,1935,4712,18125,0,2002
6,VIA SUL - URB,51,1175,986,6988,2007,0,1562,698,1368,4040,0,862
6,VIA SUL - URB,52,1015,940,5718,1783,0,2173,1010,990,4826,0,845
6,VIA SUL - URB,65,195,175,1313,337,0,311,128,268,797,0,206
7,CONCEIÇÃO,21,3869,3302,24788,3711,0,8952,3082,3797,19652,0,2220
7,CONCEIÇÃO,30,1207,956,9178,2318,0,2026,742,2231,5805,0,985
7,CONCEIÇÃO,31,1634,1047,11116,2597,0,2321,787,2424,7109,0,953
7,CONCEIÇÃO,41,1068,627,7404,2355,0,1252,536,1288,3049,0,786
7,CONCEIÇÃO,59,2447,3233,17369,3216,0,7153,2451,2859,15232,0,1488
7,CONCEIÇÃO,63,2688,2075,20752,3434,0,4799,1467,2994,11607,0,1247
7,CONCEIÇÃO,76,1198,914,8235,1583,53,2657,631,1301,6096,0,674
7,CONCEIÇÃO,83,719,872,7031,595,0,1357,420,1271,5360,0,705
7,CONCEIÇÃO,411,1342,1227,6462,2063,0,1986,682,1461,5155,0,670
7,CONCEIÇÃO,599,1629,1284,8969,2609,0,3014,446,2130,4757,0,868
7,CONCEIÇÃO,2271,2508,2658,17782,2280,0,7437,2473,2811,15368,0,1534
7,CONCEIÇÃO,6301,1021,676,7861,1487,0,1458,506,1342,4212,0,504
7,DUNAS - URB,33,7569,6309,52450,13400,0,9619,3010,10838,33668,0,2525
7,DUNAS - URB,40,6853,6787,38697,8420,0,14550,5832,7125,38225,0,2544
7,DUNAS - URB,331,683,445,4191,795,0,799,309,1030,2332,0,302
7,DUNAS - URB,411,741,577,3792,1573,0,1159,410,918,2659,0,366
7,GUANABARA - URB,2,2417,1995,20539,3443,115,3399,1269,3012,11177,0,1326
7,GUANABARA - URB,4,1489,1578,15084,2404,0,1628,765,1377,7780,0,1065
7,GUANABARA - URB,5,72,93,471,51,1,105,60,81,476,0,47
7,GUANABARA - URB,8,4733,3971,41711,12461,305,9399,2829,5875,21184,0,2109
7,GUANABARA - URB,19,797,732,5835,751,0,2752,1244,951,4749,0,404
7,GUANABARA - URB,60,4633,3811,34038,5607,156,6074,2236,6067,21035,0,1948
7,GUANABARA - URB,64,4202,4171,28450,3905,36,7440,3355,4919,24084,0,1553
7,GUANABARA - URB,67,2192,2251,16308,1331,14,3463,1792,2390,13620,0,825
7,GUANABARA - URB,70,2129,2036,17214,1638,14,3674,1600,2037,11668,0,803
7,GUANABARA - URB,72,2346,2299,20378,3823,18,2808,1171,2912,14103,0,1350
7,GUANABARA - URB,75,2242,1791,11134,1218,82,2590,1009,2664,8466,0,655
7,GUANABARA - URB,76,0,0,0,0,0,0,0,0,0,0,1
7,GUANABARA - URB,77,3234,2930,28697,5753,20,3775,1388,4063,17575,0,1910
7,GUANABARA - URB,79,4447,3469,27899,5209,173,4820,1459,4642,16612,0,1807
7,GUANABARA - URB,84,4286,3128,28538,6322,102,6250,2250,6490,16618,0,1791
7,GUANABARA - URB,101,0,0,0,0,0,0,0,0,0,0,1
7,GUANABARA - URB,593,87,16,233,37,0,114,35,60,187,0,173
7,GUANABARA - URB,1029,1069,855,8360,1552,22,1384,474,1349,4777,0,566
7,GUANABARA - URB,1516,2838,2603,18865,2691,97,4823,2209,3432,16006,0,1303
7,GUANABARA - URB,1778,1845,1560,13083,1937,43,3019,1401,1819,9206,0,549
7,GUANABARA - URB,6443,1575,1479,10162,1303,3,2398,888,1833,7505,0,559
7,GUANABARA - URB,7501,59,35,200,29,0,63,27,59,245,0,9
7,REUNIDAS,7,3788,3205,28759,4846,63,4469,1486,5218,19403,0,1932
7,REUNIDAS,26,2094,1784,17256,4796,23,2415,893,2779,9565,0,1337
7,REUNIDAS,27,3485,3044,18761,2482,44,5370,2167,3127,17526,0,1472
7,REUNIDAS,35,3114,2432,18847,4111,250,5015,1732,3988,11480,0,1392
7,REUNIDAS,68,876,679,7192,1007,24,1468,424,1392,4422,0,607
7,REUNIDAS,73,7029,6497,62060,16695,264,8951,3208,8560,36062,0,3325
7,REUNIDAS,1029,3129,2766,23880,5242,33,4635,1599,4015,15860,0,1518
7,REUNIDAS,6443,2071,1800,12121,1960,1,2903,1105,2539,9556,0,510
7,REUNIDAS,7847,3491,2902,22528,3689,14,5009,1941,4080,13404,0,1673
7,SANTA MARIA - URB,24,2481,1921,14594,4543,0,3157,1482,3356,9247,0,1461
7,SANTA MARIA - URB,36,145,145,1006,122,0,422,209,149,716,0,229
7,SANTA MARIA - URB,37,2244,1517,12980,4586,0,3028,1228,2531,7962,0,1542
7,SANTA MARIA - URB,38,8596,8896,46079,8988,0,21566,8360,8053,47779,0,3126
7,SANTA MARIA - URB,39,2151,1310,15314,3528,0,2495,947,2306,6068,0,1598
7,SANTA MARIA - URB,44,0,0,0,0,0,0,0,0,0,0,1
7,SANTA MARIA - URB,46,2138,1852,13396,5141,0,1961,1121,3085,9614,0,1343
7,SANTA MARIA - URB,48,14,18,78,21,0,19,13,12,54,0,4
7,SANTA MARIA - URB,54,3006,2843,19170,6812,0,4390,2527,3591,14566,0,1946
7,SANTA MARIA - URB,56,358,359,2954,1098,0,354,242,504,2189,0,525
7,SANTA MARIA - URB,66,0,0,0,0,0,0,0,0,0,0,1
7,SANTA MARIA - URB,83,844,943,8407,682,0,1463,444,1358,5972,0,799
7,SANTA MARIA - URB,331,1361,868,7972,1417,0,1279,469,1813,4497,0,702
7,SANTA MARIA - URB,411,614,406,2697,730,0,696,239,743,2072,0,267
7,SANTA MARIA - URB,412,33,18,110,33,0,47,9,21,82,0,7
7,VIA SUL - URB,50,5893,4956,44785,10792,71,7752,2768,7046,26620,0,2749
7,VIA SUL - URB,51,2185,1750,12507,3602,0,2740,1230,2349,7361,0,1339
7,VIA SUL - URB,52,2107,1894,11236,3493,0,3780,1960,2065,9161,0,1325
7,VIA SUL - URB,65,352,320,2163,537,0,503,202,475,1292,0,308
8,CONCEIÇÃO,21,5147,4134,27998,4165,10,10293,4078,4452,25263,0,2357
8,CONCEIÇÃO,30,1419,954,9902,2359,14,2325,975,2380,6799,0,969
8,CONCEIÇÃO,31,1891,1236,11305,2756,12,2374,960,2822,8025,0,919
8,CONCEIÇÃO,41,1404,663,7666,2413,17,1384,621,1491,3449,0,720
8,CONCEIÇÃO,59,3223,3622,19508,4017,17,8319,3065,3579,20066,0,1681
8,CONCEIÇÃO,63,4121,3041,25194,4432,11,5750,1985,3789,15899,0,1304
8,CONCEIÇÃO,76,1403,1042,8788,1604,47,2801,739,1366,7175,0,635
8,CONCEIÇÃO,83,1152,1201,8780,722,0,1625,535,1636,7705,0,717
8,CONCEIÇÃO,411,1631,1257,6759,2153,0,2099,785,1692,6008,0,653
8,CONCEIÇÃO,587,41,12,116,56,0,146,17,51,116,0,93
8,CONCEIÇÃO,589,100,34,406,355,0,261,43,82,118,0,302
8,CONCEIÇÃO,599,1732,1355,9556,2966,15,2900,603,2406,5762,0,864
8,CONCEIÇÃO,905,25,44,373,18,0,27,3,21,279,0,97
8,CONCEIÇÃO,2271,3417,3156,20504,2384,0,8622,3192,3442,19521,0,1606
8,CONCEIÇÃO,6301,1441,952,9479,1671,6,1757,630,1614,5524,0,534
8,DUNAS - URB,33,10174,8306,57993,14739,46,11127,3922,13073,41548,0,2854
8,DUNAS - URB,40,7783,7347,39501,9146,43,16777,6697,7875,43215,0,2527
8,DUNAS - URB,331,1283,878,6366,1261,11,1171,490,1718,4200,0,450
8,DUNAS - URB,411,802,650,4122,1839,0,1265,498,1116,3354,0,372
8,GUANABARA - URB,2,3671,2842,25295,4065,108,4410,1766,3730,15508,0,1569
8,GUANABARA - URB,4,1862,1872,16380,2488,0,1863,953,1607,9753,0,1109
8,GUANABARA - URB,5,61,71,352,35,1,85,42,53,379,0,32
8,GUANABARA - URB,8,6606,4993,48362,14591,432,11503,3695,7033,27656,0,2491
8,GUANABARA - URB,19,1151,941,6597,871,0,3270,1551,1084,5523,0,452
8,GUANABARA - URB,25,0,0,0,0,0,0,0,0,0,0,1
8,GUANABARA - URB,60,6798,5111,41657,6679,190,7458,3023,7367,26913,0,2283
8,GUANABARA - URB,64,5677,4854,33257,4810,33,9683,4537,5982,30087,0,1873
8,GUANABARA - URB,67,2686,2471,17238,1450,31,4243,2217,2819,16131,0,941
8,GUANABARA - URB,70,2465,2190,18113,1854,14,4062,2018,2348,13144,0,1030
8,GUANABARA - URB,72,3330,2912,24053,4494,24,3605,1609,3970,18405,0,1512
8,GUANABARA - URB,75,2307,1640,9798,1007,65,2437,999,2609,8418,0,449
8,GUANABARA - URB,77,4387,3768,34099,6673,32,4446,1899,5241,23823,0,2178
8,GUANABARA - URB,79,5809,4612,33406,6205,228,5995,2011,5554,21207,0,1929
8,GUANABARA - URB,84,5480,4127,30757,7283,125,7205,2880,7556,20639,0,1807
8,GUANABARA - URB,101,0,1,0,0,0,1,1,0,1,0,2
8,GUANABARA - URB,125,12,20,175,10,0,19,2,8,137,0,88
8,GUANABARA - URB,593,302,65,812,124,0,323,119,157,580,0,383
8,GUANABARA - URB,1029,1380,879,8280,1650,25,1480,573,1528,5528,0,508
8,GUANABARA - URB,1516,4354,3836,24590,3762,146,7072,3469,4728,22959,0,1758
8,GUANABARA - URB,1778,1625,1367,10138,1535,27,2475,1273,1581,7801,0,508
8,GUANABARA - URB,6443,1838,1546,9985,1398,2,2301,992,1998,7879,0,544
8,GUANABARA - URB,7501,395,252,1537,192,0,427,184,545,1488,0,82
8,REUNIDAS,7,5305,3860,33563,6066,89,5464,2028,6431,24318,0,2209
8,REUNIDAS,26,2676,2123,19352,5895,28,2463,1036,3423,11969,0,1331
8,REUNIDAS,27,4249,3363,20765,2835,61,6416,2810,3751,20719,0,1667
8,REUNIDAS,35,4537,3428,22671,4764,364,6240,2434,5326,14546,0,1502
8,REUNIDAS,68,843,560,6397,932,21,1456,504,1321,4297,0,551
8,REUNIDAS,73,9893,8903,72411,19749,328,10274,4477,10243,47482,0,3489
8,REUNIDAS,1029,3876,3100,26976,5196,55,5101,2126,4272,18555,0,1512
8,REUNIDAS,6443,2443,2178,12221,1940,6,2916,1206,2815,10986,0,475
8,REUNIDAS,7847,4451,3442,24261,3930,44,5480,2294,4767,16211,0,1522
8,REUNIDAS,9018,6,10,66,23,0,18,2,7,58,0,44
8,SANTA MARIA - URB,24,2895,2371,15274,4824,1,3618,1842,4056,10885,0,1448
8,SANTA MARIA - URB,36,207,160,1045,162,0,469,196,196,864,0,216
8,SANTA MARIA - URB,37,3145,2158,14459,4836,0,3560,1654,3044,10161,0,1583
8,SANTA MARIA - URB,38,10570,10801,51526,10413,53,25282,10510,9369,60759,0,3513
8,SANTA MARIA - URB,39,3318,1734,19016,4528,31,3433,1306,3322,8976,0,1765
8,SANTA MARIA - URB,44,2,0,4,0,6,2,0,7,0,0,13
8,SANTA MARIA - URB,46,3423,2781,17882,6498,1,2804,1587,4085,14738,0,1593
8,SANTA MARIA - URB,54,4688,4063,24345,8892,0,5650,3332,4872,19734,0,2252
8,SANTA MARIA - URB,56,430,425,3805,1278,0,498,245,644,2971,0,660
8,SANTA MARIA - URB,83,1131,1193,9058,748,2,1633,574,1492,7855,0,808
8,SANTA MARIA - URB,331,1949,1294,9090,1708,4,1757,690,2155,6152,0,734
8,SANTA MARIA - URB,411,763,516,3107,869,0,826,297,915,2658,0,271
8,SANTA MARIA - URB,412,23,22,69,20,0,27,4,17,65,0,6
8,SANTA MARIA - URB,536,7,4,43,10,0,31,11,11,49,0,37
8,SANTA MARIA - URB,544,10,13,67,23,0,50,19,20,41,0,58
8,VIA SUL - URB,50,9539,7216,60154,14613,69,10834,4213,9794,38371,0,3982
8,VIA SUL - URB,51,3227,2244,14383,4417,0,3795,1801,3036,10162,0,1508
8,VIA SUL - URB,52,3281,2578,14497,4511,0,5001,3010,3136,13144,0,1617
8,VIA SUL - URB,65,29,27,178,24,0,39,15,36,110,0,25
9,CONCEIÇÃO,21,5497,2791,27494,3883,56,10082,4358,4827,26625,0,2290
9,CONCEIÇÃO,30,3136,1305,16649,4484,172,3715,1593,4378,11191,0,1890
9,CONCEIÇÃO,31,383,176,2200,518,9,468,214,566,1545,0,176
9,CONCEIÇÃO,41,1560,546,8118,2710,42,1508,743,1595,4048,0,722
9,CONCEIÇÃO,59,3748,2354,20838,4683,60,9168,3753,4150,22604,0,1904
9,CONCEIÇÃO,63,6640,3141,34689,6652,147,8047,2984,5805,23763,0,1751
9,CONCEIÇÃO,76,1262,582,6864,1204,60,2356,734,1222,6462,0,577
9,CONCEIÇÃO,83,1200,800,8918,752,13,1495,484,1860,8424,0,717
9,CONCEIÇÃO,411,2062,952,8010,2789,0,2527,978,1964,7275,0,698
9,CONCEIÇÃO,587,122,25,260,148,0,301,51,169,337,0,199
9,CONCEIÇÃO,589,150,26,577,561,0,420,103,156,188,0,449
9,CONCEIÇÃO,599,2438,1010,10907,3574,128,3193,797,3278,6948,0,1092
9,CONCEIÇÃO,905,82,53,1260,87,3,61,14,80,634,0,123
9,CONCEIÇÃO,2271,3689,2159,20149,2299,0,8699,3548,3581,20361,0,1658
9,CONCEIÇÃO,6301,458,192,2495,506,8,577,241,470,1590,0,157
9,CONCEIÇÃO,7601,18,17,111,24,0,45,19,16,144,0,13
9,DUNAS - URB,33,12311,6329,60866,16241,519,11364,4453,14654,46945,0,2927
9,DUNAS - URB,40,8293,5122,38278,8991,263,16846,7188,7956,44213,0,2518
9,DUNAS - URB,331,1656,777,7233,1232,77,1483,663,2081,5339,0,495
9,DUNAS - URB,332,393,189,1762,392,10,310,134,693,1119,0,294
9,DUNAS - URB,411,922,374,3893,1761,0,1249,486,1042,3262,0,348
9,DUNAS - URB,557,89,19,428,71,0,99,45,56,120,0,386
9,DUNAS - URB,585,229,132,328,293,0,369,98,241,772,0,287
9,GUANABARA - URB,2,4423,2276,25623,5635,206,5439,2263,4049,16769,0,2187
9,GUANABARA - URB,4,2258,1541,17187,2811,83,1927,980,2010,11042,0,1194
9,GUANABARA - URB,5,115,53,543,46,2,131,75,120,513,0,45
9,GUANABARA - URB,8,8150,4038,50762,15868,837,12075,4437,8198,30941,0,2673
9,GUANABARA - URB,15,2295,1361,11378,1757,133,3463,1838,2438,11423,0,510
9,GUANABARA - URB,19,1164,540,6894,1043,6,3539,1690,1166,6305,0,836
9,GUANABARA - URB,20,411,186,1696,311,9,1217,674,436,1945,0,456
9,GUANABARA - URB,25,822,336,3750,495,4,1949,1102,919,3671,0,1059
9,GUANABARA - URB,43,1409,755,6483,1121,16,1686,619,1365,5356,0,613
9,GUANABARA - URB,60,8275,4443,45855,7640,454,8128,3734,8861,32186,0,2631
9,GUANABARA - URB,64,7312,3924,35941,5504,71,10791,5252,6793,33847,0,2056
9,GUANABARA - URB,67,3163,1809,16247,1520,28,4370,2380,3069,17379,0,964
9,GUANABARA - URB,70,3100,1823,19779,2133,26,4422,2500,2748,16358,0,1216
9,GUANABARA - URB,72,4024,2322,25572,4887,150,4074,1832,4496,20669,0,1671
9,GUANABARA - URB,75,2611,1191,10109,1283,37,2634,1151,2810,9017,0,594
9,GUANABARA - URB,76,433,244,2424,472,20,962,301,483,2328,0,196
9,GUANABARA - URB,77,5456,3356,38002,7684,222,4866,2405,6205,27277,0,2315
9,GUANABARA - URB,79,6835,3570,33609,6070,358,5963,2221,5815,23383,0,1889
9,GUANABARA - URB,84,6544,3098,31746,7428,145,7888,3168,8016,23259,0,1790
9,GUANABARA - URB,125,25,17,621,35,0,38,1,32,383,0,102
9,GUANABARA - URB,581,237,90,1142,279,0,545,197,236,842,0,1220
9,GUANABARA - URB,592,86,46,347,65,0,180,56,59,250,0,269
9,GUANABARA - URB,593,356,74,917,193,0,343,121,173,660,0,435
9,GUANABARA - URB,1029,2297,1024,12462,2783,73,2329,933,2303,8861,0,759
9,GUANABARA - URB,1516,2746,1630,14130,2187,113,4382,2259,2831,14112,0,1048
9,GUANABARA - URB,1778,1734,868,9115,1430,57,2392,1194,1584,7315,0,484
9,GUANABARA - URB,6443,1088,600,5670,774,10,1369,548,1172,4761,0,301
9,GUANABARA - URB,7501,379,207,1671,189,0,496,216,593,1568,0,78
9,GUANABARA - URB,7601,10,9,76,11,0,27,14,16,114,0,8
9,REUNIDAS,7,6125,2790,35106,6733,191,5837,2278,7275,27508,0,2174
9,REUNIDAS,26,2474,1306,15269,4126,42,2753,1168,2529,9038,0,1238
9,REUNIDAS,27,4430,2105,20117,2512,65,6312,2809,4050,20791,0,1661
9,REUNIDAS,29,42,19,205,0,0,49,9,32,151,0,6
9,REUNIDAS,35,6021,2870,25223,5500,558,6814,3110,6476,17744,0,1595
9,REUNIDAS,68,891,415,6743,1066,24,1532,566,1468,4475,0,550
9,REUNIDAS,73,13037,8380,85725,25333,729,11659,5642,13622,62202,0,4001
9,REUNIDAS,527,91,33,337,103,0,146,63,62,278,0,256
9,REUNIDAS,591,389,107,1324,413,0,639,238,367,956,0,705
9,REUNIDAS,1029,4513,2158,25686,5401,121,5207,2104,4552,18906,0,1463
9,REUNIDAS,6443,3041,1539,13789,1977,43,3378,1427,3101,12070,0,623
9,REUNIDAS,7847,3649,1903,20371,2779,113,3369,1527,4271,12959,0,1209
9,REUNIDAS,9018,22,21,200,43,0,41,6,15,118,0,50
9,SANTA MARIA - URB,24,3807,1746,15809,5103,49,3838,1976,4499,12190,0,1475
9,SANTA MARIA - URB,34,0,0,0,0,0,0,0,0,0,0,2
9,SANTA MARIA - URB,36,20,12,72,29,1,63,29,22,106,0,9
9,SANTA MARIA - URB,37,3657,1859,13701,4516,58,3556,1891,3192,11026,0,1589
9,SANTA MARIA - URB,38,11739,7819,52239,11215,469,26719,12567,10111,66401,0,3958
9,SANTA MARIA - URB,39,4159,1462,20714,4978,171,3816,1572,3918,11125,0,1904
9,SANTA MARIA - URB,44,1,0,1,0,3,0,0,3,0,0,3
9,SANTA MARIA - URB,46,5338,2756,24136,9195,105,3769,2449,5714,20919,0,1558
9,SANTA MARIA - URB,54,4871,2733,21901,8981,204,5345,3614,4730,19463,0,2355
9,SANTA MARIA - URB,56,662,425,6195,1913,12,703,422,1007,4411,0,889
9,SANTA MARIA - URB,83,1451,924,10396,742,28,1689,699,2184,10310,0,879
9,SANTA MARIA - URB,331,2733,1267,11101,2011,52,2250,924,3162,8830,0,847
9,SANTA MARIA - URB,411,816,355,2890,941,0,819,361,853,2827,0,248
9,SANTA MARIA - URB,412,23,12,105,23,0,13,6,34,89,0,6
9,SANTA MARIA - URB,536,591,209,2849,750,0,1113,497,553,2224,0,784
9,SANTA MARIA - URB,544,692,281,3372,1916,0,1680,656,850,2106,0,1467
9,SANTA MARIA - URB,557,98,21,411,35,0,106,73,55,150,0,381
9,SANTA MARIA - URB,566,206,111,866,415,0,291,155,302,901,0,397
9,SANTA MARIA - URB,585,186,76,306,232,0,329,64,200,487,0,271
9,VIA SUL - URB,50,10726,5684,61229,15328,334,11456,4640,10975,42236,0,3910
9,VIA SUL - URB,51,4445,2067,16616,6173,101,4441,2405,4229,12871,0,1817
9,VIA SUL - URB,52,4880,2640,19197,6490,209,6705,4139,4654,18149,0,2122
9,VIA SUL - URB,551,1,0,1,3,0,0,0,3,0,0,2
10,CONCEIÇÃO,21,5935,3087,28009,4004,33,9917,4819,5183,26895,0,2259
10,CONCEIÇÃO,30,3824,1690,19317,5317,270,4205,1779,5080,13086,0,1926
10,CONCEIÇÃO,41,1504,491,6951,2474,19,1351,692,1574,3605,0,617
10,CONCEIÇÃO,59,4265,2853,21767,4507,79,9532,4114,4157,22856,0,1914
10,CONCEIÇÃO,63,8553,3852,40360,7211,159,8952,3622,6513,27498,0,1829
10,CONCEIÇÃO,76,919,434,4818,746,37,1528,505,823,4206,0,361
10,CONCEIÇÃO,83,1506,944,10021,771,16,1454,595,2190,9388,0,713
10,CONCEIÇÃO,411,2610,1183,8532,2922,0,2689,1191,2383,8344,0,731
10,CONCEIÇÃO,587,148,37,320,137,0,299,54,239,323,0,174
10,CONCEIÇÃO,589,116,30,438,408,0,275,96,137,136,0,370
10,CONCEIÇÃO,599,2777,1228,11567,3990,196,3216,831,3711,7311,0,1065
10,CONCEIÇÃO,905,105,90,1732,76,2,64,35,81,791,0,116
10,CONCEIÇÃO,2271,4436,2647,21117,2474,0,9483,3795,3755,21761,0,1875
10,CONCEIÇÃO,7601,24,7,105,20,0,62,20,15,149,0,12
10,DUNAS - URB,33,13965,7447,64750,15791,618,12131,4787,15675,49714,0,2875
10,DUNAS - URB,40,9741,5694,39081,9448,232,17335,7828,8647,46135,0,2724
10,DUNAS - URB,331,2027,1069,7549,1324,46,1703,650,2221,6140,0,569
10,DUNAS - URB,332,763,311,3195,540,5,480,237,1167,1778,0,488
10,DUNAS - URB,411,891,360,3319,1453,0,964,423,899,2920,0,310
10,DUNAS - URB,557,163,31,570,161,0,130,74,93,180,0,337
10,DUNAS - URB,585,427,187,580,391,0,631,130,398,953,0,483
10,GUANABARA - URB,2,5188,2606,28031,6652,269,5904,2504,4261,17774,0,2518
10,GUANABARA - URB,4,2414,1601,17316,2763,89,2000,1147,2104,11289,0,1183
10,GUANABARA - URB,5,2408,1400,10703,1093,20,2992,1650,2169,11083,0,875
10,GUANABARA - URB,8,8826,4378,49036,15616,921,11444,4311,8165,30139,0,2481
10,GUANABARA - URB,15,5399,3092,23050,3445,277,7452,4095,5106,23522,0,1023
10,GUANABARA - URB,19,1235,657,7017,1167,24,3532,1828,1194,6721,0,1038
10,GUANABARA - URB,20,1208,570,4799,842,26,3318,2016,1114,5229,0,954
10,GUANABARA - URB,25,1634,718,7773,1071,6,3394,1993,1553,6997,0,1605
10,GUANABARA - URB,29,962,479,4823,762,8,1036,496,846,3560,0,213
10,GUANABARA - URB,43,3296,1755,14697,2109,34,3511,1275,3019,11670,0,1111
10,GUANABARA - URB,60,9206,4854,44460,7567,561,7932,3883,9059,32066,0,2564
10,GUANABARA - URB,64,8030,4262,35048,4916,61,10993,5663,6576,32170,0,2017
10,GUANABARA - URB,67,1277,750,5827,554,7,1501,901,1122,6157,0,341
10,GUANABARA - URB,70,3484,2008,20693,2271,28,4460,2623,2909,16923,0,1293
10,GUANABARA - URB,72,4481,2506,25538,4845,136,3876,1960,4548,21106,0,1669
10,GUANABARA - URB,75,3850,1729,14473,2368,10,3372,1576,3979,12051,0,1094
10,GUANABARA - URB,76,1338,702,5901,1094,54,2254,820,1248,5758,0,440
10,GUANABARA - URB,77,6050,3797,38330,7743,243,4931,2529,6355,28320,0,2292
10,GUANABARA - URB,79,7607,4156,33578,5996,376,6056,2495,6177,23443,0,1854
10,GUANABARA - URB,84,6862,3050,29179,6553,118,7549,3202,7691,21318,0,1794
10,GUANABARA - URB,125,23,43,664,44,1,30,6,31,303,0,81
10,GUANABARA - URB,581,701,211,2485,608,0,1157,451,446,1747,0,1791
10,GUANABARA - URB,592,179,79,586,100,0,306,142,125,437,0,444
10,GUANABARA - URB,593,408,133,950,187,0,349,160,195,759,0,543
10,GUANABARA - URB,1029,2370,1148,12256,2682,82,2301,975,2100,8642,0,721
10,GUANABARA - URB,1516,215,123,827,113,5,250,144,170,869,0,61
10,GUANABARA - URB,1778,2071,1132,10002,1488,84,2873,1522,1888,8237,0,562
10,REUNIDAS,7,7110,3367,37446,7335,267,5923,2445,7521,28651,0,2218
10,REUNIDAS,26,2415,1094,11836,2482,38,2496,1090,1961,6202,0,1127
10,REUNIDAS,27,5140,2503,21236,2689,77,6446,3043,4446,21245,0,1766
10,REUNIDAS,29,4140,1769,19974,2609,45,3620,1684,3545,13952,0,540
10,REUNIDAS,35,7800,3346,29002,6549,657,7835,3750,7791,20723,0,1954
10,REUNIDAS,43,2835,1482,12311,1625,18,2985,1126,2687,9727,0,809
10,REUNIDAS,68,960,339,5885,888,10,1388,515,1320,3977,0,490
10,REUNIDAS,73,17362,11162,99259,28277,1064,13285,6532,15877,72275,0,4376
10,REUNIDAS,78,2611,1236,13652,918,27,1676,649,2865,7123,0,700
10,REUNIDAS,591,564,172,1707,486,0,934,358,464,1535,0,639
10,REUNIDAS,1029,1332,644,6704,1484,40,1446,615,1266,4894,0,379
10,REUNIDAS,6443,1112,573,4754,674,18,1246,456,960,3984,0,197
10,REUNIDAS,7847,732,321,4169,505,30,525,206,832,2137,0,238
10,REUNIDAS,9018,47,38,163,40,0,40,12,21,163,0,53
10,SANTA MARIA - URB,24,4665,2307,17719,5215,57,4529,2411,5108,14076,0,1653
10,SANTA MARIA - URB,34,0,0,0,0,0,0,0,0,0,0,3
10,SANTA MARIA - URB,37,5076,2435,17105,5136,71,4260,2289,3963,13345,0,1818
10,SANTA MARIA - URB,38,13983,8934,53187,11258,443,26509,13645,10861,66635,0,3895
10,SANTA MARIA - URB,39,5302,1924,22469,5509,161,4245,1987,4804,13021,0,2061
10,SANTA MARIA - URB,43,0,0,0,0,0,0,0,0,0,0,1
10,SANTA MARIA - URB,46,7417,4083,30436,12551,186,4626,3096,6827,25960,0,2151
10,SANTA MARIA - URB,48,97,49,331,86,2,117,86,67,272,0,70
10,SANTA MARIA - URB,54,5544,3100,22210,8889,267,5369,3664,4934,19230,0,2327
10,SANTA MARIA - URB,56,918,547,8710,2728,15,895,594,1486,5949,0,1153
10,SANTA MARIA - URB,83,1776,1259,11869,887,33,1941,843,2588,11347,0,909
10,SANTA MARIA - URB,331,3171,1694,11482,2058,70,2520,968,3504,9830,0,974
10,SANTA MARIA - URB,411,986,488,3393,961,0,890,351,1001,3082,0,284
10,SANTA MARIA - URB,536,651,232,2745,757,0,1083,546,543,2197,0,736
10,SANTA MARIA - URB,544,886,308,3645,2424,0,1767,605,1001,2175,0,1334
10,SANTA MARIA - URB,557,69,7,142,15,0,22,21,22,53,0,96
10,SANTA MARIA - URB,566,604,268,2149,1503,0,700,507,617,2496,0,908
10,SANTA MARIA - URB,585,55,22,93,60,0,105,15,59,148,0,110
10,VIA SUL - URB,50,12080,6754,63795,15563,393,12341,4940,12199,44392,0,3759
10,VIA SUL - URB,51,5243,2605,18047,6567,110,5019,2622,4546,13772,0,1769
10,VIA SUL - URB,52,5265,2884,19086,6272,235,6691,3960,4779,17618,0,1987
11,CONCEIÇÃO,21,6250,3430,27124,4202,52,10522,4867,5095,27955,0,2279
11,CONCEIÇÃO,30,4265,1736,19410,5230,204,4159,1729,5125,13789,0,1914
11,CONCEIÇÃO,41,1952,777,8036,2983,27,1648,945,1951,5138,0,715
11,CONCEIÇÃO,59,4044,3141,20044,4539,68,9444,3991,4079,22980,0,1903
11,CONCEIÇÃO,63,8772,4770,38868,7383,103,9179,3696,6483,29483,0,1756
11,CONCEIÇÃO,76,1315,678,6808,1324,38,2208,734,1379,6445,0,527
11,CONCEIÇÃO,83,1712,1114,9903,773,9,1551,678,2226,9765,0,711
11,CONCEIÇÃO,411,2089,1136,6871,2539,0,2429,933,1961,7153,0,645
11,CONCEIÇÃO,587,180,71,420,134,0,390,62,229,369,0,184
11,CONCEIÇÃO,589,180,37,695,517,0,351,101,170,180,0,556
11,CONCEIÇÃO,599,2864,1357,11761,4157,145,3473,789,3630,7507,0,1068
11,CONCEIÇÃO,905,139,129,2257,131,0,70,54,172,1105,0,137
11,CONCEIÇÃO,2271,4556,2917,21668,2606,0,9869,4230,3996,23249,0,1856
11,CONCEIÇÃO,7601,40,18,165,28,0,76,18,23,182,0,16
11,DUNAS - URB,33,14467,8072,64188,16754,557,12501,4881,15256,50392,0,2888
11,DUNAS - URB,40,9642,6306,37744,9495,255,17173,7531,8112,45587,0,2342
11,DUNAS - URB,331,2411,1259,8633,1496,61,1971,717,2442,7468,0,703
11,DUNAS - URB,332,825,327,3223,536,2,399,204,1185,1751,0,564
11,DUNAS - URB,411,1020,490,3369,1518,0,1138,456,1002,3222,0,335
11,DUNAS - URB,585,434,218,615,339,0,679,162,420,1086,0,811
11,GUANABARA - URB,2,5664,3141,29636,7073,249,6269,2700,4722,19166,0,2535
11,GUANABARA - URB,4,2516,1887,17468,2840,57,1995,1127,2202,11664,0,1206
11,GUANABARA - URB,5,3421,2200,14340,1633,21,4177,2271,2794,16237,0,1225
11,GUANABARA - URB,8,8999,4834,48392,16239,772,11973,4494,8663,32438,0,2564
11,GUANABARA - URB,15,4646,2849,19631,2828,226,6432,3560,4257,21188,0,1003
11,GUANABARA - URB,19,1397,757,6995,1342,38,3809,1750,1193,6946,0,1037
11,GUANABARA - URB,20,1514,739,6080,1015,30,3908,2264,1303,6499,0,1057
11,GUANABARA - URB,25,2021,1155,8695,1197,12,3700,2058,1855,7950,0,1594
11,GUANABARA - URB,29,2054,1080,10347,2380,41,2069,1009,1831,8190,0,438
11,GUANABARA - URB,43,3861,2192,16438,2658,43,4088,1443,3316,13410,0,1123
11,GUANABARA - URB,60,9995,5520,44715,7825,389,8607,3860,9263,34405,0,2507
11,GUANABARA - URB,64,8520,4893,35032,5068,65,11673,6139,6763,34347,0,2001
11,GUANABARA - URB,67,168,123,796,76,1,226,122,119,852,0,44
11,GUANABARA - URB,70,3449,2350,20263,2359,28,4748,2733,2757,16733,0,1255
11,GUANABARA - URB,72,4647,3132,25997,5396,70,4362,2037,4786,22783,0,1721
11,GUANABARA - URB,75,4035,1992,14127,2478,15,3432,1537,4185,12586,0,1125
11,GUANABARA - URB,76,664,357,2861,454,35,1302,365,588,2952,0,215
11,GUANABARA - URB,77,5957,4423,38680,7903,161,5257,2439,6323,29459,0,2333
11,GUANABARA - URB,79,8142,4628,33478,5981,323,6331,2529,6186,25314,0,1902
11,GUANABARA - URB,81,0,0,0,0,0,0,0,0,0,0,1
11,GUANABARA - URB,84,7030,3490,29049,6708,123,8049,3541,7738,22442,0,1806
11,GUANABARA - URB,125,21,25,528,55,0,30,14,22,285,0,80
11,GUANABARA - URB,581,534,180,1984,447,0,954,377,355,1365,0,1155
11,GUANABARA - URB,592,119,68,467,75,0,277,106,82,376,0,507
11,GUANABARA - URB,593,701,175,1213,248,0,568,229,281,1148,0,681
11,GUANABARA - URB,1029,1327,709,6221,1434,27,1323,646,1053,4900,0,406
11,GUANABARA - URB,1516,889,571,3930,570,38,1199,640,872,4056,0,270
11,GUANABARA - URB,1778,2122,1154,9574,1526,79,2801,1488,1898,8476,0,578
11,GUANABARA - URB,7601,112,65,497,83,0,236,94,90,657,0,51
11,REUNIDAS,7,7960,3933,38108,7815,170,6143,2582,8171,30994,0,2332
11,REUNIDAS,26,2317,1104,10566,2248,32,2202,1026,1964,5822,0,917
11,REUNIDAS,27,5584,2883,21283,2690,71,6970,3191,4615,22530,0,1799
11,REUNIDAS,29,5365,2745,25294,5604,93,5084,2327,4575,19565,0,711
11,REUNIDAS,35,8141,3738,30359,7117,814,8425,4056,8191,22009,0,1999
11,REUNIDAS,43,3916,2238,16931,2424,33,4171,1550,3395,13649,0,1151
11,REUNIDAS,68,1041,393,5893,848,13,1528,538,1484,4382,0,511
11,REUNIDAS,73,18464,13006,102949,29831,972,14134,6914,16774,80166,0,4553
11,REUNIDAS,78,3604,1949,19634,2257,61,2528,930,3887,10629,0,1010
11,REUNIDAS,591,569,192,1607,417,0,800,373,428,1493,0,550
11,REUNIDAS,9018,117,60,220,50,0,52,13,26,196,0,48
11,SANTA MARIA - URB,24,5025,2450,17522,5359,69,4714,2477,5048,14378,0,1571
11,SANTA MARIA - URB,37,5527,2933,17902,5839,39,4799,2699,4608,15336,0,1924
11,SANTA MARIA - URB,38,14445,9944,51621,11824,525,27565,13671,10787,69073,0,3857
11,SANTA MARIA - URB,39,5730,2335,23563,6118,174,4717,2063,4956,14081,0,2102
11,SANTA MARIA - URB,46,8220,5009,33591,13997,121,5083,3273,7669,29744,0,2526
11,SANTA MARIA - URB,48,177,74,536,141,2,220,153,114,409,0,96
11,SANTA MARIA - URB,54,6417,3613,23851,10022,222,6080,4097,5432,21526,0,2529
11,SANTA MARIA - URB,56,950,579,9578,3342,12,972,633,1510,5858,0,1081
11,SANTA MARIA - URB,83,1973,1317,12178,908,9,1999,784,2506,11496,0,966
11,SANTA MARIA - URB,331,2936,1487,10366,1991,76,2442,927,3207,8933,0,991
11,SANTA MARIA - URB,411,1016,517,3516,1024,0,988,417,1048,3192,0,282
11,SANTA MARIA - URB,536,685,225,2429,660,0,1143,536,661,2328,0,876
11,SANTA MARIA - URB,544,697,236,2511,1797,0,1094,485,698,1573,0,1033
11,SANTA MARIA - URB,566,400,203,1403,1288,0,503,386,529,1895,0,839
11,VIA SUL - URB,50,13254,7622,64359,16384,299,13147,5251,12470,46365,0,3929
11,VIA SUL - URB,51,5911,3024,18730,6780,44,5238,2719,4817,14994,0,1832
11,VIA SUL - URB,52,5807,3155,19364,6418,166,6916,4073,4916,18117,0,1925
12,CONCEIÇÃO,21,6158,4181,27725,4404,37,10082,4782,5707,30712,0,2444
12,CONCEIÇÃO,30,4402,2117,20469,5306,185,4343,1882,5513,15726,0,2031
12,CONCEIÇÃO,41,1573,716,7559,2768,26,1521,919,1717,4567,0,705
12,CONCEIÇÃO,59,4374,3506,20948,4769,50,10060,4120,4548,25778,0,1982
12,CONCEIÇÃO,63,9083,5419,40761,7695,92,9248,4026,7073,34079,0,1757
12,CONCEIÇÃO,76,726,520,4297,783,25,1368,440,878,4052,0,344
12,CONCEIÇÃO,83,1601,1187,10653,881,16,1572,747,2223,10552,0,747
12,CONCEIÇÃO,411,2253,1333,7455,3052,0,2582,994,2052,8088,0,768
12,CONCEIÇÃO,587,167,45,336,134,0,382,52,204,408,0,232
12,CONCEIÇÃO,589,131,41,529,355,0,384,90,166,148,0,521
12,CONCEIÇÃO,599,2701,1640,12523,4535,115,3666,769,4094,8724,0,1133
12,CONCEIÇÃO,905,203,177,2469,116,0,70,43,274,1228,0,144
12,CONCEIÇÃO,2271,4965,3568,23440,2632,0,10335,4261,4542,26979,0,1967
12,CONCEIÇÃO,7601,32,17,137,21,0,63,31,22,171,0,16
12,DUNAS - URB,33,14062,8824,64656,17179,416,12629,4864,15591,54439,0,3062
12,DUNAS - URB,40,9130,7251,39678,9603,245,17243,8074,8523,52729,0,1910
12,DUNAS - URB,331,2365,1439,9377,1719,58,2164,795,2708,8443,0,749
12,DUNAS - URB,332,785,426,3019,528,3,440,218,1050,2120,0,616
12,DUNAS - URB,411,1108,586,4129,1749,0,1319,490,1114,4007,0,359
12,DUNAS - URB,585,451,249,657,361,0,589,183,402,1226,0,922
12,GUANABARA - URB,2,5533,3409,30128,7085,253,6280,2633,4945,20600,0,2551
12,GUANABARA - URB,4,2537,1982,17743,2888,44,2171,1094,2486,12932,0,1283
12,GUANABARA - URB,5,3877,2617,16751,1750,22,4870,2578,3464,20312,0,1388
12,GUANABARA - URB,8,8996,5298,49299,16262,742,12038,4399,8963,35159,0,2630
12,GUANABARA - URB,15,4966,3666,23324,3359,181,7489,3921,5083,26429,0,1097
12,GUANABARA - URB,19,1546,1020,7955,1450,5,4121,1855,1391,8504,0,1064
12,GUANABARA - URB,20,1403,915,6320,1098,25,4135,2307,1476,7479,0,1064
12,GUANABARA - URB,25,2102,1314,10169,1491,8,4113,2175,2051,10061,0,1659
12,GUANABARA - URB,29,3073,1808,16126,3293,43,3176,1480,3052,13014,0,839
12,GUANABARA - URB,43,4034,2532,17982,3032,79,4338,1510,3567,15771,0,1147
12,GUANABARA - URB,60,9552,6054,47285,8146,362,9078,4091,9674,37573,0,2667
12,GUANABARA - URB,64,7947,5360,36627,5134,78,11835,6174,7011,37099,0,2062
12,GUANABARA - URB,70,3463,2679,21606,2338,26,4651,2659,2846,19860,0,1291
12,GUANABARA - URB,72,4528,2977,26196,5221,90,3971,1909,4772,24006,0,1776
12,GUANABARA - URB,75,4393,2572,16484,2867,12,3812,1712,4648,14694,0,1232
12,GUANABARA - URB,76,1436,896,6411,1167,63,2604,817,1453,7055,0,488
12,GUANABARA - URB,77,6007,4700,40106,8284,117,5182,2555,6671,32107,0,2377
12,GUANABARA - URB,79,7705,5316,35127,6045,362,6425,2572,6381,27951,0,1976
12,GUANABARA - URB,84,7164,3863,30591,7371,133,8287,3417,8311,25680,0,1907
12,GUANABARA - URB,125,19,44,603,86,0,24,11,17,296,0,66
12,GUANABARA - URB,581,548,275,2091,408,0,881,390,348,1593,0,1075
12,GUANABARA - URB,592,159,92,759,112,0,333,155,118,619,0,533
12,GUANABARA - URB,593,706,242,1522,286,0,649,243,374,1565,0,819
12,GUANABARA - URB,1029,301,159,1472,251,4,286,113,225,1049,0,85
12,GUANABARA - URB,1516,156,107,735,116,3,207,108,180,781,0,56
12,GUANABARA - URB,1778,2388,1497,11618,1739,81,3312,1722,2269,10749,0,672
12,GUANABARA - URB,7601,48,32,235,26,0,82,25,25,335,0,28
12,REUNIDAS,7,7847,4304,40779,8339,213,6709,2694,8690,34804,0,2357
12,REUNIDAS,26,2180,1139,10969,2203,31,2171,982,1993,6108,0,872
12,REUNIDAS,27,5705,3271,22700,2649,90,7261,3161,4940,26173,0,1795
12,REUNIDAS,29,5078,3009,27296,5670,100,5327,2545,5171,21793,0,975
12,REUNIDAS,35,8026,4199,31877,7506,830,8583,3916,8415,24296,0,1987
12,REUNIDAS,43,4301,2669,18754,3010,48,4493,1601,4033,15908,0,1221
12,REUNIDAS,68,1110,489,6195,920,18,1602,561,1429,4548,0,527
12,REUNIDAS,73,17892,13989,109137,30798,943,14522,7000,18037,85398,0,4687
12,REUNIDAS,78,3414,1970,19444,2431,50,2314,900,3966,11685,0,920
12,REUNIDAS,591,332,132,821,185,0,456,198,237,861,0,261
12,REUNIDAS,9018,140,80,317,86,1,44,16,30,292,0,51
12,SANTA MARIA - URB,24,5557,2785,20508,6281,57,5472,2625,6028,17698,0,1879
12,SANTA MARIA - URB,34,0,0,0,0,0,0,0,0,0,0,1
12,SANTA MARIA - URB,37,5501,3110,19060,6398,27,5008,2471,4853,16407,0,2017
12,SANTA MARIA - URB,38,14310,10895,56214,12283,508,29086,13971,11529,79263,0,4088
12,SANTA MARIA - URB,39,5629,2738,25101,6595,147,4740,2015,5334,16087,0,2136
12,SANTA MARIA - URB,46,8125,5193,34946,16090,88,5080,3231,7997,30904,0,1878
12,SANTA MARIA - URB,54,5886,3796,24456,10159,112,5998,3971,5506,22271,0,2571
12,SANTA MARIA - URB,56,964,652,10678,3809,14,945,585,1556,6595,0,1141
12,SANTA MARIA - URB,83,2022,1422,13249,1033,5,1988,894,2766,12839,0,1033
12,SANTA MARIA - URB,331,3075,1870,11297,2078,53,2694,954,3526,11207,0,976
12,SANTA MARIA - URB,332,0,0,0,0,0,0,0,0,0,0,1
12,SANTA MARIA - URB,411,1455,863,5171,1902,0,1481,693,1415,4923,0,475
12,SANTA MARIA - URB,536,482,205,2478,531,0,827,419,612,2399,0,633
12,SANTA MARIA - URB,544,372,121,1549,985,0,560,237,442,944,0,598
12,SANTA MARIA - URB,566,237,100,805,719,0,245,217,387,1052,0,457
12,VIA SUL - URB,50,13564,8395,67047,16720,267,13319,5233,12843,50321,0,4005
12,VIA SUL - URB,51,5928,3181,19304,7290,19,5446,2754,5102,16132,0,1922
12,VIA SUL - URB,52,5675,3367,20082,6788,155,6976,4082,5260,20296,0,1860
